method,path,handler,file,line,handler_body_executed
GET,/health,health,back_end/src/api/__init__.py,1555,True
GET,/metrics,prometheus_metrics,back_end/src/api/__init__.py,1577,True
GET,/audit/events,audit_events,back_end/src/api/__init__.py,1581,True
GET,/auth/servers,get_servers,back_end/src/api/__init__.py,1585,True
GET,/auth/status,get_auth_status,back_end/src/api/__init__.py,1608,True
POST,/auth/login,do_login,back_end/src/api/__init__.py,1647,True
POST,/auth/logout,do_logout,back_end/src/api/__init__.py,1775,True
GET,/system/status,get_system_status,back_end/src/api/__init__.py,1802,True
GET,/strategies,list_strategies,back_end/src/api/__init__.py,1834,True
GET,/strategies/{strategy_id},get_strategy_detail,back_end/src/api/__init__.py,1859,True
PUT,/strategies/{strategy_id}/params,update_strategy_params,back_end/src/api/__init__.py,1885,True
PUT,/strategies/weights,update_weights,back_end/src/api/__init__.py,1931,True
GET,/positions,list_positions,back_end/src/api/__init__.py,1950,True
GET,/orders,list_orders,back_end/src/api/__init__.py,1964,True
GET,/trades,list_trades,back_end/src/api/__init__.py,1969,True
GET,/trading/snapshot,trading_snapshot,back_end/src/api/__init__.py,1974,True
GET,/risk/status,risk_status,back_end/src/api/__init__.py,1988,True
PUT,/risk/config,update_risk_config,back_end/src/api/__init__.py,2002,True
POST,/risk/emergency-stop,emergency_stop,back_end/src/api/__init__.py,2018,True
POST,/risk/resume,resume_trading,back_end/src/api/__init__.py,2054,True
GET,/trading/margin-rate,trading_margin_rate,back_end/src/api/__init__.py,2069,True
GET,/trading/reconcile,trading_reconcile,back_end/src/api/__init__.py,2080,True
DELETE,/orders/{order_id},cancel_order,back_end/src/api/__init__.py,2128,True
POST,/orders,place_manual_order,back_end/src/api/__init__.py,2161,True
POST,/orders/cancel-all,cancel_all_orders,back_end/src/api/__init__.py,2245,True
POST,/positions/{symbol}/close,close_position,back_end/src/api/__init__.py,2260,True
POST,/strategy/{strategy_id}/action,strategy_action,back_end/src/api/__init__.py,2387,True
GET,/dashboard/metrics,get_dashboard_metrics,back_end/src/api/__init__.py,2423,True
GET,/data/quality,data_quality,back_end/src/api/__init__.py,2428,True
WEBSOCKET,/ws/system,ws_system,back_end/src/api/__init__.py,2455,True
WEBSOCKET,/ws/orders,ws_orders,back_end/src/api/__init__.py,2471,True
WEBSOCKET,/ws/positions,ws_positions,back_end/src/api/__init__.py,2486,True
WEBSOCKET,/ws/dashboard,ws_dashboard,back_end/src/api/__init__.py,2503,True
GET,/ws-demo,ws_demo_page,back_end/src/api/__init__.py,2520,True
GET,/system/logs,get_system_logs,back_end/src/api/__init__.py,2528,True
WEBSOCKET,/ws/logs,ws_logs,back_end/src/api/__init__.py,2544,True
GET,/backtest/strategies,bt_list_strategies,back_end/src/api/__init__.py,2569,True
POST,/backtest/run,bt_run,back_end/src/api/__init__.py,2576,True
GET,/watch/kline,watch_kline,back_end/src/api/__init__.py,2599,True
DELETE,/watch/kline/cache,clear_kline_cache,back_end/src/api/__init__.py,2648,True
GET,/watch/tick,get_ticks,back_end/src/api/__init__.py,2662,True
WEBSOCKET,/ws/watch,ws_watch,back_end/src/api/__init__.py,2706,True
GET,/watch/search,watch_search,back_end/src/api/__init__.py,2891,True
