编号,优先级,范围,事项,证据性质,问题与影响,代码证据,建议改进,验收标准,复现记录,执行状态,整改说明,验证证据,残余事项
Q01,P1,入口与架构,CLI 导入失败，同时阻断完整测试收集,已复现,main.py 的 DEFAULT_CONFIG 引用未定义的 _CTP_DEFAULTS，模块导入立即 NameError；main() 还调用未定义的 configure_logging。按 README 启动 CLI 失败，test_security_and_risk.py 也因此无法收集。API 工厂启动不依赖 main.py，不能把此结论扩大为所有入口均无法启动。,[back_end/main.py:48](D:/mine/quant/back_end/main.py:48)；[back_end/main.py:162](D:/mine/quant/back_end/main.py:162)；[back_end/tests/test_security_and_risk.py:15](D:/mine/quant/back_end/tests/test_security_and_risk.py:15),补齐设置与日志初始化的显式导入/初始化；将 main.py 纳入静态检查。,CLI --help、导入 DEFAULT_CONFIG、完整 pytest 均退出 0；不要继续跳过安全风控测试。,pytest.log；ruff-main.log,已修复（离线验证）,入口初始化和日志导入修复；CLI 纳入 Ruff,test_review_auth.py,
Q02,P1,入口与架构,API 同时保留两套实现，迁移尚未完成,已复现＋静态确认,start.bat 和现有测试使用 src.api:create_app，实际执行 2618 行的 api/__init__.py；api/app.py + routers 等是另一套未接入默认入口的实现。离线切换到后者发现：匿名 /ws/system 可连接；缺少风控/对账路由；BacktestRunRequest 缺 max_errors 而服务层强行读取；from .state import _event_loop 保存了初始 None，lifespan 更新 state 后 deps 中仍为 None。这些是替代入口的缺陷，不能误报为当前入口全部无 WS 鉴权。,[back_end/start.bat:3](D:/mine/quant/back_end/start.bat:3)；[back_end/src/api/__init__.py:1272](D:/mine/quant/back_end/src/api/__init__.py:1272)；[back_end/src/api/app.py:38](D:/mine/quant/back_end/src/api/app.py:38)；[back_end/src/api/deps.py:20](D:/mine/quant/back_end/src/api/deps.py:20)；[back_end/src/api/schemas.py:130](D:/mine/quant/back_end/src/api/schemas.py:130)；[back_end/src/api/ws.py:134](D:/mine/quant/back_end/src/api/ws.py:134),明确唯一正式入口；用路由、请求模型、鉴权、广播行为的契约测试保护迁移，再移除重复实现。不要直接改启动命令以为迁移完成。,对唯一工厂测试完整 REST/WS 路由及 401；风险、回测和事件广播行为一致；业务状态只创建一份。,backend-probes.json：modular_*,已修复（离线验证）,统一 API 工厂，旧拆分模块改为兼容门面,test_review_auth.py,后续可继续模块化，但不得重建第二份状态
Q03,P0,认证与账户隔离,匿名请求可以断开当前交易账户,已复现,/auth/logout 位于公开白名单，其处理函数无论有无有效会话都会 clear_main；/auth/login 在验证 gateway_type 与连接新账户前就清除现有引擎。无 cookie logout 返回 200 并断开 FakeGateway；提交无效 gateway_type 的匿名 login 返回 400，但已有账户也被断开。只要能访问服务端口即可触发，不依赖交易时间。,[back_end/src/api/security.py:20](D:/mine/quant/back_end/src/api/security.py:20)；[back_end/src/api/__init__.py:1626](D:/mine/quant/back_end/src/api/__init__.py:1626)；[back_end/src/api/__init__.py:1471](D:/mine/quant/back_end/src/api/__init__.py:1471),将断开/切换账户设为已认证的管理动作；先校验新配置，使用受锁保护的连接状态机，失败不破坏原账户。,匿名 logout、非法 login、并发/失败 login 都不能改变现有连接；合法切换有明确归属和审计。,backend-probes.json：anonymous_logout、invalid_login_disconnects_existing,已修复（离线验证）,注销须认证；新连接就绪后原子切换，失败保留原账户,test_review_auth.py,
Q04,P0,认证与账户隔离,旧账户会话继续访问新账户，全局状态没有账户归属,已复现,SessionStore 只保存 token → 过期时间，所有会话共享 trading_state。账户 A 登录后再登录 B，A 原 cookie 访问 /system/status 返回 200 和 B 的账户；下单等受保护接口使用相同鉴权机制和全局引擎，存在跨账户操作风险。本次只读取状态证明隔离缺失，没有向真实账户下单。auth/status 也用 has_active_sessions 判断全局登录状态，不能代表当前浏览器身份。,[back_end/src/api/security.py:46](D:/mine/quant/back_end/src/api/security.py:46)；[back_end/src/api/__init__.py:1438](D:/mine/quant/back_end/src/api/__init__.py:1438)；[back_end/src/api/__init__.py:1957](D:/mine/quant/back_end/src/api/__init__.py:1957),明确单账户模式或多账户模式；单账户切换至少撤销旧代次全部会话，操作绑定账户 ID 与连接代次；多账户需独立状态与权限。登录/注销做原子化处理。,A 的 cookie、WS、排队请求在切换 B 后均不能读取或操作 B；无 cookie 的 status 不显示其他会话已登录。,backend-probes.json：old_session_can_access_new_account,已修复（离线验证）,会话绑定账户代次；账户转换串行化；旧会话统一撤销；2026-10-08 R01：补清理账户权益/日内显示基准，旧代次快照与广播作废,test_review_auth.py；docs/RECHECK_FIXES_2026-10-08.md,
Q05,P1,认证与账户隔离,WebSocket 只在握手时鉴权，撤销后仍推送,已复现,当前正式入口有握手鉴权，但连接建立后未跟踪会话失效。测试清空会话后，已连接的 /ws/system 仍收到 system_status。到期、退出、账户切换不能可靠收回数据访问。,[back_end/src/api/__init__.py:604](D:/mine/quant/back_end/src/api/__init__.py:604)；[back_end/src/api/__init__.py:2226](D:/mine/quant/back_end/src/api/__init__.py:2226)；[back_end/src/api/security.py:56](D:/mine/quant/back_end/src/api/security.py:56),连接注册时绑定会话和账户代次；会话撤销时主动关闭全部关联连接，定期检查过期，广播前校验归属。,撤销和过期后所有六类 WS 按约定关闭；旧连接不再收到后续账户消息。,backend-probes.json：websocket_after_revocation,已修复（离线验证）,WS 消息与广播复核会话，撤销后关闭；校验 Origin,test_review_auth.py；Playwright 注销验收,
Q06,P2,认证与账户隔离,公开日志与认证状态暴露账户和运行细节,已复现＋静态确认,匿名 /system/logs 返回 200；公开 /auth/status 返回 account_id 和 connect_log。连接日志包括账户名、前置地址及错误信息。公开健康检查与公开运行日志应有不同的数据边界；未发现可据此直接认定密码明文泄露的证据。,[back_end/src/api/security.py:29](D:/mine/quant/back_end/src/api/security.py:29)；[back_end/src/api/__init__.py:1422](D:/mine/quant/back_end/src/api/__init__.py:1422)；[back_end/src/api/__init__.py:2302](D:/mine/quant/back_end/src/api/__init__.py:2302),日志和账户状态需会话授权、脱敏、限量；公开 health 只保留最小就绪信息。,无会话不能获得账户号或连接日志；密码、授权码、token 不进入响应和日志。,backend-probes.json：anonymous_logs_status,已修复（离线验证）,匿名状态不含账户和日志；日志接口受保护,test_review_auth.py,
Q07,P1,认证与账户隔离,跨域预检先被鉴权拒绝,已复现,认证中间件拦截 OPTIONS。对允许的 localhost:5173 来源预检 /orders，返回 401 且没有 Access-Control-Allow-Origin。开发期 Vite 同源代理掩盖了问题，前后端独立域部署会失败。,[back_end/src/api/__init__.py:1355](D:/mine/quant/back_end/src/api/__init__.py:1355)；[back_end/src/api/__init__.py:49](D:/mine/quant/back_end/src/api/__init__.py:49),调整 CORS 与认证中间件顺序/OPTIONS 策略，保持真实业务请求鉴权；校准跨域 cookie、HTTPS 与 Origin 策略。,合法来源预检通过且业务请求仍需会话；非法来源不被放行；浏览器跨域登录和 WS 联调通过。,backend-probes.json：cors_preflight,已修复（离线验证）,CORS 放在认证外层，允许精确 Origin 的预检,test_review_auth.py,
Q08,P1,实盘交易与风控,策略接收未声明合约的行情，停止状态也会调用策略,已复现＋静态确认,TradingEngine._on_tick 未过滤策略订阅合约，也未检查运行状态。离线 STOPPED 引擎中，symbol=A 的策略实际收到 B 的 bar。内置策略从 self.symbol 取历史，却使用传入 bar.close 定价和算量；看盘增加 B 的订阅后，可能用 B 的价格生成 A 的信号。,[back_end/src/trading/engine.py:195](D:/mine/quant/back_end/src/trading/engine.py:195)；[back_end/src/strategy/strategies/ma_cross.py:36](D:/mine/quant/back_end/src/strategy/strategies/ma_cross.py:36)；[back_end/src/api/__init__.py:2508](D:/mine/quant/back_end/src/api/__init__.py:2508),按策略声明的合约集合路由行情；用引擎/策略状态门禁阻止停止后计算和派单；行情订阅与策略订阅分离。,A 策略收到 B 行情时无调用、无信号；停止后迟到回调不会下单；多合约策略按显式声明工作。,supplement-probes.json：unrelated_tick_while_stopped,已修复（离线验证）,策略只消费声明合约且必须处于运行状态,test_trading_engine_auto_strategy.py,
Q09,P1,实盘交易与风控,实盘把 tick 当 bar，策略时间尺度与回测不一致,静态确认,_tick_to_bar 每个 tick 生成 OHLC 全等的 bar；on_bar 在将新数据加入历史之前执行，累计成交量也直接当该 bar 成交量。回测加载历史日线，实盘均线窗口却按 tick 数滚动，当前价格和指标窗口还错开一拍，同名策略实际运行不同逻辑。,[back_end/src/trading/engine.py:214](D:/mine/quant/back_end/src/trading/engine.py:214)；[back_end/src/trading/engine.py:208](D:/mine/quant/back_end/src/trading/engine.py:208)；[back_end/src/trading/engine.py:230](D:/mine/quant/back_end/src/trading/engine.py:230),增加按交易所时间与交易时段聚合的 BarGenerator，明确周期、未完成 bar 规则和历史预热；实盘与回测共用事件协议。,同一段录制 tick 聚合后与基准 OHLCV 一致；回放和回测产生一致信号，不随 tick 密度改变窗口含义。,,部分完成,按事件时间/TradingDay 聚合 bar；内置策略反手等待委托完成；2026-10-08 R03：修正内置策略指标时点；三策略分钟回放与回测决策一致,test_review_execution.py；docs/RECHECK_FIXES_2026-10-08.md,小时桶仍按时钟切分；缺交易所分节日历、历史预热和完整跨时段回放验收；已补三策略分钟固定样本一致性
Q10,P1,实盘交易与风控,撤单提前记为成功，改单会把平仓变开仓,已复现,网关 cancel_order 的 True 仅表示请求已发出，OrderManager 却立即把订单设为 CANCELLED。modify_order 随即提交新 Signal，未保留 offset，也未扣除已成交量。测试原平仓单总量 3、已成交 2，改单发出 OPEN 3；未等撤单确认还会与旧订单成交竞态，失败回滚可能继续重复报单。此项针对 OrderManager 管理路径与库级改单；当前 REST 单笔撤单直接调用网关，不能概括为所有前端撤单都提前确认。,[back_end/src/trading/order_manager.py:103](D:/mine/quant/back_end/src/trading/order_manager.py:103)；[back_end/src/trading/order_manager.py:163](D:/mine/quant/back_end/src/trading/order_manager.py:163)；[back_end/src/trading/vnpy_gateway.py:218](D:/mine/quant/back_end/src/trading/vnpy_gateway.py:218),实现请求中、柜台确认、拒绝、部分成交的状态机；改单等撤单最终确认，按剩余量、原 offset 重建，并重新风控。,撤单拒绝/迟到成交/重复回报均不丢状态；3 手成交 2 后最多替换剩余 1 手且仍为平仓。,backend-probes.json：cancel_request_premature_status、modify_close_order,已修复（离线验证）,撤单请求不提前终结；撤改单等待柜台 CANCELLED，保留方向/开平和未成交量,test_review_trading.py,
Q11,P0,实盘交易与风控,预埋止损绕过风控，触发时默认开仓,已复现；预埋单路径有条件生效,PreOrder 没有 offset；_trigger_pre_order 直接调用 OrderManager.submit_order，绕开 TradingEngine.send_signal 和风险检查。测试紧急停止已开启，STOP_LOSS 触发仍提交一笔 offset=OPEN 的订单。本功能目前未见前端/REST 公开创建入口，但引擎提供 place_pre_order，启用或由策略使用前必须修复。,[back_end/src/trading/order_manager.py:376](D:/mine/quant/back_end/src/trading/order_manager.py:376)；[back_end/src/trading/order_manager.py:425](D:/mine/quant/back_end/src/trading/order_manager.py:425)；[back_end/src/trading/engine.py:168](D:/mine/quant/back_end/src/trading/engine.py:168),所有派单来源汇入唯一执行/风控入口；止损单显式绑定账户、原持仓方向和可平数量，并设置只减仓语义。,预埋单在紧急停止、无可平仓位、仓位已变化时不意外开仓；触发只减少目标持仓且经过同一风控。,backend-probes.json：stop_loss_bypasses_emergency_and_opens,已修复（离线验证）,预埋单统一经过风险入口；保护单使用平仓；拒单保留 REJECTED 状态,test_review_trading.py,预埋单仍为本地条件单，重启不自动恢复触发
Q12,P1,实盘交易与风控,风控不预留在途敞口，检查与报单不原子,已复现＋静态确认,最大仓位只算当前持仓 + 本笔数量；active_orders 仅用于计数，不计待成交数量/金额。最大仓位 2 时，待成交开仓 2 与新开仓 2 都可获准，潜在总量 4。check_signal 和 record_order 分离，HTTP 线程与回调并发时频率/重复信号检查也存在窗口。,[back_end/src/trading/risk.py:181](D:/mine/quant/back_end/src/trading/risk.py:181)；[back_end/src/trading/engine.py:135](D:/mine/quant/back_end/src/trading/engine.py:135)；[back_end/src/trading/risk.py:204](D:/mine/quant/back_end/src/trading/risk.py:204),账户级串行执行或原子风险预留；计入待成交开仓、冻结平仓、合约乘数和可用保证金，回报驱动释放预留。,并发报单、部分成交、撤单和拒单下均不超过仓位/金额/频率阈值；失败请求不永久占额。,backend-probes.json：pending_exposure_not_reserved,已修复（离线验证）,风控检查/提交/预留共用锁；所有活动开仓委托保留资金和数量预留,test_review_trading.py,资金采用保守预留，可能和柜台已冻结资金重复计入
Q13,P1,实盘交易与风控,双向持仓、冻结量和今昨仓没有统一平仓模型,已复现＋静态确认,_position_volume 返回同合约首个匹配持仓，不按买卖方向选待平一侧；多 1 空 5 时买平 5 被按多仓 1 拒绝。平仓数量检查不扣 frozen；前端显示可用量，快捷平仓却传 volume=0（全部），后端展开为总量。适配层丢弃 yd_volume，难以可靠分配平今/平昨。,[back_end/src/trading/risk.py:351](D:/mine/quant/back_end/src/trading/risk.py:351)；[back_end/src/api/__init__.py:2054](D:/mine/quant/back_end/src/api/__init__.py:2054)；[back_end/src/trading/vnpy_gateway.py:297](D:/mine/quant/back_end/src/trading/vnpy_gateway.py:297)；[front_end/src/components/TradingPanel.vue:285](D:/mine/quant/front_end/src/components/TradingPanel.vue:285),建立 account/exchange/symbol/side/trading_day 维度的持仓与冻结账本；全部平仓必须等于可平数量，按柜台规则拆分今昨仓。,多空并存、全部冻结、部分冻结、跨交易日及平今/平昨均有确定测试；弹窗数量与实际请求一致。,backend-probes.json：wrong_hedge_leg_for_close,代码已改进，待外部验收,保留多空腿、净空符号、冻结量和今昨仓；选对手方向校验平仓量,test_review_trading.py；test_review_execution.py,柜台平今/平昨字段和特殊交易所规则仍须真实验证
Q14,P1,实盘交易与风控,风控缺失数据时放行，紧急停止依赖 enabled 开关,已复现＋静态确认,日损检查在账户缺失、基准不正或 balance<=0 时返回允许；基准使用登录余额，重登录会重置且没有交易日切换。enabled=False 在 emergency_stop 检查前返回允许。Signal.validate 接受 NaN 价格，配置 dict 经 float/bool 转换缺少严格有限值与范围约束。,[back_end/src/trading/risk.py:129](D:/mine/quant/back_end/src/trading/risk.py:129)；[back_end/src/trading/risk.py:222](D:/mine/quant/back_end/src/trading/risk.py:222)；[back_end/src/strategy/types.py:52](D:/mine/quant/back_end/src/strategy/types.py:52)；[back_end/src/api/__init__.py:1565](D:/mine/quant/back_end/src/api/__init__.py:1565),紧急停止独立于可选风控开关；必要账户/合约/行情数据未知时禁止新增风险；交易日基准持久化；数值必须有限并严格校验。,零余额、未就绪、NaN/Inf、字符串布尔值、重登录和跨日测试通过；disabled 风控不能解除紧急停止。,backend-probes.json：zero_balance_fail_open、nan_signal_accepted；supplement-probes.json：emergency_ignored_when_risk_disabled,已修复（离线验证）,紧急停止不依赖可选 enabled；缺行情、过期行情和必要账户字段拒绝新增风险；2026-10-08 R06：无效风控输入返回422且不更改运行/持久配置,test_review_trading.py；docs/RECHECK_FIXES_2026-10-08.md,
Q15,P1,实盘交易与风控,触发日损限制后正常平仓也被阻止,已复现,check_signal 在区分 OPEN/CLOSE 前执行日损、行情和其他开仓型限制。账户从 100 降到 80、日损阈值 10% 时，减少已有风险的 CLOSE 也被拒绝；市价平仓又受默认禁止市价限制。需要明确定义停止新增风险与应急减仓的不同规则。,[back_end/src/trading/risk.py:165](D:/mine/quant/back_end/src/trading/risk.py:165)；[back_end/src/trading/risk.py:180](D:/mine/quant/back_end/src/trading/risk.py:180),单独设计经过授权的只减仓通道；保留账户、方向、数量与价格有效性检查，不能通过取消全部风控解决。,日损超限禁止开仓，但允许符合规则的风险减少；无持仓或超量平仓仍拒绝。,backend-probes.json：daily_loss_blocks_reduction,已修复（离线验证）,交易日基线持久化；平仓不受日亏开仓门禁误拦；策略无开仓预算仍可平仓,test_review_trading.py；test_review_execution.py,
Q16,P1,实盘交易与风控,成交与持仓模型丢失开平语义,已复现＋静态确认,Trade 不含 offset/exchange/账户/交易日，vnpy 成交转换也丢弃原 offset，策略本地账按买卖方向净额相加，不能区分开空与卖平。Position.__post_init__ 对 NET 数量取绝对值：NET -3 实测变成多仓 +3。回测、策略与柜台双向持仓表达不一致。,[back_end/src/strategy/types.py:92](D:/mine/quant/back_end/src/strategy/types.py:92)；[back_end/src/strategy/types.py:116](D:/mine/quant/back_end/src/strategy/types.py:116)；[back_end/src/strategy/base.py:257](D:/mine/quant/back_end/src/strategy/base.py:257)；[back_end/src/trading/vnpy_gateway.py:334](D:/mine/quant/back_end/src/trading/vnpy_gateway.py:334),统一不可变成交事件和双向持仓模型，保留柜台开平/交易所/交易日/ID；显式转换净仓，禁止隐式绝对值纠正。,开多、开空、平多、平空、部分平仓、多空同持及净空构造的数量与盈亏均正确。,supplement-probes.json：net_short_becomes_long,已修复（离线验证）,成交显式保留 offset、交易日、交易所及账户；按腿更新持仓,test_review_execution.py,
Q17,P1,实盘交易与风控,成交没有持久账本，重复回报会重复记仓,已复现,TradingEngine._on_trade 更新仓位和调用 on_trade，但基类 on_trade 为空，未把成交加入 strategy.trades；REST /trades 却只聚合该列表。离线同一 T1 回报两次，strategy.trades 仍为 0、仓位变 2。纯手动交易更没有策略列表承载历史，页面刷新或进程重启会丢账。,[back_end/src/trading/engine.py:315](D:/mine/quant/back_end/src/trading/engine.py:315)；[back_end/src/strategy/base.py:58](D:/mine/quant/back_end/src/strategy/base.py:58)；[back_end/src/api/__init__.py:1093](D:/mine/quant/back_end/src/api/__init__.py:1093),按柜台成交唯一键幂等入账，持久化订单、成交、风险预留；API 与 WS 读取同一账本，启动时恢复并与柜台核对。,重复/乱序回报、无策略手动成交、刷新、断线和重启后账目不重不漏；资金与持仓可追溯。,backend-probes.json：live_trade_not_retained_and_duplicate_applied,已修复（离线验证）,SQLite 账本与成交复合唯一键；重放幂等；提交 intent 先落盘,test_review_execution.py；test_review_runtime.py,
Q18,P1,实盘交易与风控,策略按股票百股规则算期货手数，资金基准不同步,静态确认,三个内置策略使用 capital×ratio÷price÷100 再乘 100，未按期货合约乘数、保证金和最小交易单位算量，可能算出 0 或过大手数。登录后只改 strategy.initial_capital，current_capital 仍是基类默认 100 万，后续真实盈亏字段又缺失。默认风控还用统一乘数 10，不能替代各合约资料。,[back_end/src/strategy/strategies/ma_cross.py:61](D:/mine/quant/back_end/src/strategy/strategies/ma_cross.py:61)；[back_end/src/strategy/strategies/rsi.py:62](D:/mine/quant/back_end/src/strategy/strategies/rsi.py:62)；[back_end/src/strategy/strategies/breakout.py:52](D:/mine/quant/back_end/src/strategy/strategies/breakout.py:52)；[back_end/src/api/__init__.py:1576](D:/mine/quant/back_end/src/api/__init__.py:1576)；[back_end/src/settings.py:91](D:/mine/quant/back_end/src/settings.py:91),按经纪商合约元数据、可用资金、保证金和策略预算算手数，统一初始化/更新资金；未知乘数禁止新增风险。,不同价格、乘数、保证金及账户余额下得到正确整数手数；多策略合计预算不超过账户限额。,,已修复（离线验证）,手数按乘数、保证金、可用资金和执行权重计算；回测成交回传策略；2026-10-08 R02：本地配置或显式API提供经核实保证金率；登录无需填写合约（详见 LOGIN_FIXES_2026-10-08.md）,test_review_execution.py；test_review_backtest.py；docs/RECHECK_FIXES_2026-10-08.md,
Q19,P1,实盘交易与风控,默认策略和快捷平仓发市价单，默认风控却禁止市价,静态确认,StrategyBase 下单默认 MARKET，TradingPanel 默认订单类型和 quickClose 也使用 market；正式 API 的 runtime_risk_defaults 默认 allow_market_orders=False。即使在交易时间、连接和行情都正常，默认路径仍会稳定被本地风控拒绝。,[back_end/src/strategy/base.py:72](D:/mine/quant/back_end/src/strategy/base.py:72)；[back_end/src/settings.py:93](D:/mine/quant/back_end/src/settings.py:93)；[front_end/src/components/TradingPanel.vue:22](D:/mine/quant/front_end/src/components/TradingPanel.vue:22),把允许订单类型和拒绝原因提供给 UI/策略；支持按最新盘口与 price tick 生成受控限价单。不要直接把全局禁止市价改成允许作为修复。,默认配置下策略和手动/快捷平仓形成合法订单，或在提交前给出准确限制提示；覆盖盘口缺失和价格偏离。,,代码已改进，待外部验收,真实适配器只接限价；快捷平仓取新鲜买卖报价并确认,test_review_trading.py；前端 lint/build,真实柜台限价、滑点与报价时效需交易时段验收
Q20,P1,实盘交易与风控,网关就绪与断线恢复状态不完整,静态确认；需柜台联调,connect 看到结算成功/合约查询成功日志或账户回调任一即可认为 CONNECTED，未等待交易、行情、合约、资金、持仓共同就绪；已连接后日志错误不再更新状态。disconnect 不清空 _subscribed_symbols 与行情缓存，同一实例重连可能跳过真实订阅并显示旧行情。停止策略直接断开共享网关，也会影响手动交易和看盘。,[back_end/src/trading/vnpy_gateway.py:246](D:/mine/quant/back_end/src/trading/vnpy_gateway.py:246)；[back_end/src/trading/vnpy_gateway.py:157](D:/mine/quant/back_end/src/trading/vnpy_gateway.py:157)；[back_end/src/trading/vnpy_gateway.py:240](D:/mine/quant/back_end/src/trading/vnpy_gateway.py:240)；[back_end/src/trading/engine.py:106](D:/mine/quant/back_end/src/trading/engine.py:106),建立 MD/TD/结算/账户/持仓/合约就绪状态机，重连后重新订阅和对账；策略停机与账户断开分开；旧快照显式标记时间和失效。,分别模拟 MD、TD 断线、迟到资金/持仓、重连、策略重启；未同步时不能报新单，恢复后订阅完整。,,代码已改进，待外部验收,使用结构化 MD/TD、结算/合约/账户/持仓事件形成就绪门禁,test_review_gateway.py,原生回调包装仅做了 FakeGateway/模拟原生对象测试；没有真实连接证据
Q21,P1,实盘交易与风控,对账接口只比较本地缓存，无法确认柜台真实状态,静态确认,VnpyGateway.query_account/query_positions/query_orders 直接返回内存；/trading/reconcile 读取引擎和适配层的本地缓存后整理订单和持仓。没有查询完成标识、柜台快照版本及差异修复流程，名称容易让人误以为已经完成经纪商对账。,[back_end/src/trading/vnpy_gateway.py:221](D:/mine/quant/back_end/src/trading/vnpy_gateway.py:221)；[back_end/src/api/__init__.py:1887](D:/mine/quant/back_end/src/api/__init__.py:1887),区分本地快照与主动柜台查询；启动/重连等查询完成后比对账本、展示差异并限制交易。,离线漏一笔成交或多一个本地订单可被真实查询快照发现；返回 snapshot_time、完整性和差异，而非无条件成功。,,部分完成,核对接口标明 snapshot_only、未决 intent 和缺失活动委托回放；异常状态阻止重发,test_review_execution.py；test_review_runtime.py,尚无完整柜台委托查询与差异闭环、未知 intent 自动解决流程
Q22,P1,实盘交易与风控,资金、手续费和盈亏字段不能支持当前仪表盘口径,静态确认；字段映射需柜台验证,账户适配将 frozen 直接填入 margin，position_pnl/total_pnl/commission 留默认 0；成交从上游对象取不存在时默认 0 的 pnl/commission。策略持仓更新又将 pnl 置 0。订单实际成功也可能显示零盈亏/费用或把冻结额当占用保证金；不能把缺失值显示为已确认的零。上游当前对象定义中 TradeData 没有 pnl/commission，PositionData 则有 yd_volume。,[back_end/src/trading/vnpy_gateway.py:284](D:/mine/quant/back_end/src/trading/vnpy_gateway.py:284)；[back_end/src/trading/vnpy_gateway.py:343](D:/mine/quant/back_end/src/trading/vnpy_gateway.py:343)；[back_end/src/strategy/base.py:295](D:/mine/quant/back_end/src/strategy/base.py:295)；[back_end/src/api/__init__.py:952](D:/mine/quant/back_end/src/api/__init__.py:952),逐字段定义余额、可用、冻结、保证金、已实现/未实现盈亏和手续费来源；没有来源的值用未知状态；成交账本计算与结算单交叉验证。,固定成交序列与账户快照得到可手算复核的资金变化；费用和保证金不混用。参考 [vn.py 官方对象定义](https://github.com/vnpy/vnpy/blob/master/vnpy/trader/object.py)，实际适配仍应锁定依赖版本。,,代码已改进，待外部验收,账户字段使用原始回报 extra；不再把冻结资金当保证金；未知成交费用/盈亏为 null,test_review_gateway.py,需核对特定柜台 raw 字段，成交费率和按策略归因尚未完整计算
Q23,P1,实盘交易与风控,策略参数任意写属性，失败后可能留下半更新状态,静态确认,params 接受任意 dict，先更新配置再对同名实例属性 setattr，失败后直接赋原值。可覆盖 symbol、资金、数据甚至方法等非参数属性；restart 失败不原子回滚，修改 symbol 不同步行情订阅，entry.config 更新层级与 strategy_params 不一致。,[back_end/src/api/__init__.py:1733](D:/mine/quant/back_end/src/api/__init__.py:1733)；[back_end/src/api/__init__.py:1753](D:/mine/quant/back_end/src/api/__init__.py:1753),每个策略提供参数 schema、白名单、交叉约束和冷热更新分类；预校验完整新配置，成功切换后提交，失败恢复原状态。,非法参数不改变任何状态；禁止修改方法/内部字段；改合约重订阅，重启失败向调用方报告并保留可恢复配置。,,已修复（离线验证）,参数白名单和数值约束；构建新策略后受锁替换，保存参数；失败不留下半配置,test_review_execution.py,
Q24,P2,实盘交易与风控,策略权重只改变展示，没有执行层资金分配,静态确认,set_weights/get_weight 存取内存权重，未用于策略下单规模、账户预算或风险限额。前端调权重不能达到资金再分配效果，重启也不持久。,[back_end/src/api/__init__.py:519](D:/mine/quant/back_end/src/api/__init__.py:519)；[back_end/src/api/__init__.py:1776](D:/mine/quant/back_end/src/api/__init__.py:1776)；[back_end/src/strategy/strategies/ma_cross.py:61](D:/mine/quant/back_end/src/strategy/strategies/ma_cross.py:61),明确权重目前仅是展示，或将权重接入账户总预算、策略预算和执行检查；校验非负、归一规则和持久化。,权重改变时可预测地改变可用风险预算，所有策略总预算受账户上限约束。,,已修复（离线验证）,权重校验并应用手数预算、展示和持久化,test_review_execution.py,
Q25,P1,回测与统计,回测成交没有同步策略持仓与资金,已复现,BacktestEngine 维护自身 positions，却没有像实盘那样 set_position_source，也未在成交后更新策略本地持仓/资金。测试策略每根 bar 查看仓位均为 0，引擎实际已累积 4 手，导致依赖持仓的开平逻辑重复开仓，内置策略回测结果失去解释基础。,[back_end/src/backtest/engine.py:55](D:/mine/quant/back_end/src/backtest/engine.py:55)；[back_end/src/backtest/engine.py:191](D:/mine/quant/back_end/src/backtest/engine.py:191)；[back_end/src/strategy/base.py:189](D:/mine/quant/back_end/src/strategy/base.py:189),统一账户、持仓、订单与成交事件源；回测撮合后发出与实盘等价的更新和回调，避免两套持仓互相漂移。,只在空仓开一次的策略最终只持 1 手；部分平仓、反向信号、资金变动对策略可见。,backend-probes.json：backtest_strategy_position_desync,已修复（离线验证）,回测持仓源与策略共享，成交/盯市同步资金；反手平开分阶段,test_review_backtest.py；test_review_execution.py,
Q26,P1,回测与统计,撮合缺乏价格可达性、时序与完整订单状态,已复现＋静态确认,_execute_order 不接收当根 bar 的高低价进行限价穿越判断，测试请求价 1 的 LIMIT 直接按 1 成交；成交后订单仍 SUBMITTED、traded_volume=0，Trade.order_id 为空。同 bar 生成信号立即按该 close 成交，未明确延迟；反向处理与 OPEN/CLOSE、双向持仓语义不一致。,[back_end/src/backtest/engine.py:191](D:/mine/quant/back_end/src/backtest/engine.py:191)；[back_end/src/backtest/engine.py:143](D:/mine/quant/back_end/src/backtest/engine.py:143),定义下一可成交事件、限价/市价/止损触发、滑点、涨跌停、部分成交和开平规则；用订单 ID 关联全部事件。,从未触及限价的订单不成交；订单最终状态与成交量相符；收盘信号不能无成本获得不可能的同收盘成交。,backend-probes.json：backtest_filled_order_status、limit_fills_without_market_cross,已修复（离线验证）,下一 bar 撮合、限价/止损可达、共享成交量、部分成交、委托关联和结束撤单,test_review_backtest.py,固定保证金和费率模型；没有盘口队列、逐日结算或强平模型
Q27,P1,回测与统计,最大回撤重复乘 100，10% 显示为 1000%,已复现,RiskAnalyzer 已把 max_drawdown_pct 转为百分数，API 再乘 100；TextReport 又用百分比格式化。相同 100→90 权益样本在 API 和文本报告都显示 1000%，不是策略风险真的这么大。,[back_end/src/analysis/__init__.py:87](D:/mine/quant/back_end/src/analysis/__init__.py:87)；[back_end/src/api/backtest_service.py:180](D:/mine/quant/back_end/src/api/backtest_service.py:180)；[back_end/src/analysis/report.py:62](D:/mine/quant/back_end/src/analysis/report.py:62),统一内部比例与 API 百分数字段约定，只在展示边界转换一次；给单位加类型或清晰字段名。,100→90 的 max drawdown 在引擎、API、文本、前端都为 10%；其它收益与波动单位一并契约测试。,backend-probes.json：drawdown_scaled_twice,已修复（离线验证）,回撤内部使用比例，仅展示层乘 100,test_review_backtest.py,
Q28,P1,回测与统计,成交笔数被当完整交易数，胜率和交易标记失真,已复现＋静态确认,Analyzer 对所有成交（包含开仓零 pnl）统计总笔数与胜率；一开一平且盈利的样本返回 2 笔、胜率 50%。引擎另有自己的统计口径，API 又用 Analyzer；服务层交易标记只跟踪方向，未按数量、开平和分批成交配对，开仓手续费也需明确分摊到完整交易净盈亏。,[back_end/src/analysis/__init__.py:103](D:/mine/quant/back_end/src/analysis/__init__.py:103)；[back_end/src/backtest/engine.py:393](D:/mine/quant/back_end/src/backtest/engine.py:393)；[back_end/src/api/backtest_service.py:121](D:/mine/quant/back_end/src/api/backtest_service.py:121),区分 fills、orders、round trips；确定 FIFO/均价等配对规则，统一含费用净盈亏和胜率分母。,单次盈利往返为 1 次完整交易、胜率 100%；分批开平、多标的及剩余未平仓的统计可人工核对。,backend-probes.json：roundtrip_counted_as_two_trades,已修复（离线验证）,完整平仓回合配对双方手续费；标记用 offset；无亏损时盈亏比为 null,test_review_backtest.py,未平回合不计入已完成交易
Q29,P1,回测与统计,短样本指标产生 NaN，响应可能无法序列化,已复现,少量样本、无下行收益、零方差等情况产生 NaN/Inf；round 不会将其转为合法 JSON。离线样本 sortino 为 NaN，JSONResponse 对非有限数实测抛 ValueError。回测可能计算结束却以服务错误返回。,[back_end/src/analysis/__init__.py:17](D:/mine/quant/back_end/src/analysis/__init__.py:17)；[back_end/src/api/backtest_service.py:178](D:/mine/quant/back_end/src/api/backtest_service.py:178)；[back_end/src/api/__init__.py:2347](D:/mine/quant/back_end/src/api/__init__.py:2347),定义指标最小样本量和未定义值约定；返回 null 与原因，而非伪造 0；所有数值输出统一有限性检查。,0/1/2 个样本、恒定权益、全涨、全跌均返回合法 JSON，图表能展示不可计算状态。,backend-probes.json：short_sample_nonfinite；supplement-probes.json：nonfinite_json_response,已修复（离线验证）,非有限值转换 null；短样本和非正权益的收益率指标不伪造数值,test_review_backtest.py；Playwright 离线回测,
Q30,P1,回测与统计,错误导致提前结束，却仍返回普通成功结果,静态确认,bar/信号处理错误被捕获继续运行，达到 max_errors 后中断循环仍计算结果；输出没有明确 partial/failed、失败区间和有效覆盖率。结果周期还可能沿用完整加载日期，用户无法区分完整回测与中途截断。,[back_end/src/backtest/engine.py:63](D:/mine/quant/back_end/src/backtest/engine.py:63)；[back_end/src/backtest/engine.py:393](D:/mine/quant/back_end/src/backtest/engine.py:393)；[back_end/src/api/backtest_service.py:190](D:/mine/quant/back_end/src/api/backtest_service.py:190),回测任务记录状态、已处理条数、实际时间范围和错误摘要；失败/部分完成不能进入正常排名比较。,注入第 N 根 bar 失败后显示 failed/partial 与真实截止日，指标仅使用真实执行区间，错误不可静默。,,已修复（离线验证）,捕获策略显式报错和异常；partial/failed/cancelled 不返回普通完成,test_review_backtest.py,
Q31,P2,回测与统计,回测参数缺少约束，超时不终止后台工作,静态确认,BacktestRunRequest 使用裸 float/int/str，资金、费率、保证金、乘数、日期次序和样本量缺少一致的边界约束。run_in_executor 加 wait_for 只限制等待时间，不保证正在运行的线程停止；多次长任务可占满共享线程池。,[back_end/src/api/__init__.py:197](D:/mine/quant/back_end/src/api/__init__.py:197)；[back_end/src/api/__init__.py:2347](D:/mine/quant/back_end/src/api/__init__.py:2347)；[back_end/src/backtest/config.py:9](D:/mine/quant/back_end/src/backtest/config.py:9),补参数 schema 和跨字段验证；回测使用有并发上限、取消和进度的任务执行器，必要时用可终止的独立进程。,负资金/费率、零乘数/保证金、反向日期、超大样本在计算前拒绝；取消后停止消耗资源且不影响登录。,,已修复（离线验证）,回测并发 2、120 秒协作取消，单次 10000 根；SQL 有界读取,test_review_backtest.py；test_review_data.py,取消为协作式；本机内置策略可终止，不支持不可信任意插件执行
Q32,P1,行情与历史数据,禁用模拟数据仍可生成分钟线，旧模拟数据被标为真实,已复现,QUANT_ALLOW_SYNTHETIC_DATA=0 时，已有日线仍经 _synthesize_intraday 生成分钟线，返回不带来源字段；回测只用本次是否生成来标记 synthetic_data_used，SQLite 中已存 synthetic 数据被返回为 historical。研究结果可能被误认为基于真实行情。,[back_end/src/watch/kline.py:164](D:/mine/quant/back_end/src/watch/kline.py:164)；[back_end/src/watch/kline.py:356](D:/mine/quant/back_end/src/watch/kline.py:356)；[back_end/src/api/backtest_service.py:70](D:/mine/quant/back_end/src/api/backtest_service.py:70)；[back_end/src/api/backtest_service.py:202](D:/mine/quant/back_end/src/api/backtest_service.py:202),来源随每段/每条数据流转；禁用模拟时拒绝一切合成路径；UI、API、导出和回测报告明确真实、模拟、混合和未知。,环境禁用时绝不合成；已持久化模拟数据再次回测仍带模拟标签，真实模式不得混用。,backend-probes.json：persisted_synthetic_mislabeled、synthetic_intraday_when_disabled,已修复（离线验证）,分钟缺失返回缺数据，不伪造；周线/各周期独立读取,test_review_data.py,
Q33,P1,行情与历史数据,看盘缺数据时向历史库写入模拟数据,静态确认,_load_daily 在数据不足时调用样本生成并保存到同一历史库，save_bars 使用 INSERT OR REPLACE。默认开发环境允许生成，访问行情页面可能在真实稀疏历史旁加入模拟记录；相同键会覆盖，不同时间键则混入，缺少数据集隔离和版本。,[back_end/src/watch/kline.py:113](D:/mine/quant/back_end/src/watch/kline.py:113)；[back_end/src/data/manager.py:83](D:/mine/quant/back_end/src/data/manager.py:83)；[back_end/src/data/db.py:177](D:/mine/quant/back_end/src/data/db.py:177),读取行情不隐式写模拟历史；演示与真实数据采用独立数据集/数据库和导入动作，禁止低可信来源覆盖真实数据。,已有少量真实 bars 后访问看盘，数据库内容保持不变；显式演示生成不污染真实回测。,,已修复（离线验证）,模拟数据必须显式允许、仅临时使用；保留逐行及混合来源,test_review_data.py；Playwright 来源提示,
Q34,P2,行情与历史数据,日期结束边界漏掉最后一天的带时分秒记录,已复现,SQLite 查询 datetime<=end_date，而 end_date 常为 YYYY-MM-DD。保存连续 4 天 15:00 bars 后按第 4 天日期查询只得到 3 条。默认回测/图表可因此少一天。,[back_end/src/data/db.py:243](D:/mine/quant/back_end/src/data/db.py:243),统一时区与边界协议：日期型闭区间转换为下一交易日期/自然日的半开上界；时间戳型请求按明确定义处理。,包含末日 00:00、15:00、23:xx 的数据按协议完整返回；边界无重复，夜盘归属另行按交易日处理。,backend-probes.json：date_end_excludes_last_day,已修复（离线验证）,结束日期使用次日半开边界；统一时区及存储时间格式,test_review_data.py,
Q35,P1,行情与历史数据,合约目录与交易日历靠推算，主力标签没有成交依据,静态确认,搜索按月份生成合约并将最近月份称为主力，没有使用柜台实际挂牌合约/持仓成交数据；未知品种的交易所回退 SHFE。数据缺口检查用工作日或连续分钟，无法识别交易所休市、午间休息、夜盘和交易日归属；不能据此把当前非交易时段判断为行情故障。,[back_end/src/watch/__init__.py:122](D:/mine/quant/back_end/src/watch/__init__.py:122)；[back_end/src/watch/__init__.py:248](D:/mine/quant/back_end/src/watch/__init__.py:248)；[back_end/src/trading/vnpy_gateway.py:440](D:/mine/quant/back_end/src/trading/vnpy_gateway.py:440)；[back_end/src/data/governance.py:70](D:/mine/quant/back_end/src/data/governance.py:70),合约以柜台 ContractData 为准并保留历史版本，主力定义明确且按真实数据滚动；使用交易所/品种会话日历，未知合约拒绝猜测。,未挂牌/过期合约不可交易，主力切换可复现；休市和夜盘样本不误报缺口，真实缺口能识别。,,代码已改进，待外部验收,可交易目录来自柜台合约元数据；历史合约标记不可据此交易；移除硬编码过期热门合约,test_review_gateway.py；test_review_data.py；浏览器历史图,挂牌目录、交易所及保证金率仍须柜台核验
Q36,P2,行情与历史数据,数据导入、质量门和可复现元数据没有闭环,静态确认＋工程改进,历史数据链主要是 SQLite 读取与样本生成，缺少可审计真实数据导入工作流；质量报告没有成为入库/回测前硬门槛。缺有限值、负量、完整区间、时区等验证；load_bars 不返回逐条来源，数据集元数据可能被最后一批覆盖。默认历史日期与“最近 sample_days 天”生成范围也不保证重合。,[back_end/src/data/manager.py:22](D:/mine/quant/back_end/src/data/manager.py:22)；[back_end/src/data/governance.py:94](D:/mine/quant/back_end/src/data/governance.py:94)；[back_end/src/data/db.py:200](D:/mine/quant/back_end/src/data/db.py:200)；[back_end/src/api/backtest_service.py:74](D:/mine/quant/back_end/src/api/backtest_service.py:74),建立导入校验、隔离坏行、数据版本/checksum、来源/调整/换月规则及覆盖范围清单；回测固化数据与策略版本、参数和随机种子。,相同输入重跑结果一致；坏 OHLCV/非有限值在计算前拦截；请求区间数据不足可解释，不自动混入样本。,,代码已改进，待外部验收,增加 CSV 导入、OHLC/有限值/时间校验，保留来源与调整/换月元数据,test_review_data.py；maintenance CLI,没有接入权威节假日/交易时段供应源；缺口判断明确标记 heuristic
Q37,P1,行情与历史数据,实时 K 线使用当前墙钟和全天 OHLCV，所有周期均错误聚合,静态确认,/ws/watch 对每种 kline_* 周期都以 datetime.now() 的分钟时间打点，open/high/low/volume 来自当天 tick 快照，并未按该周期累计。tick 去重只作用于 tick 消息，K 线仍每 500ms 重发；休市时旧 tick 可能被贴上新时间。这是数据处理缺陷，不能用非交易时间解释为正常行情。,[back_end/src/api/__init__.py:2557](D:/mine/quant/back_end/src/api/__init__.py:2557)；[back_end/src/api/__init__.py:2568](D:/mine/quant/back_end/src/api/__init__.py:2568),按行情事件时间聚合每个周期，volume 使用累计量差值；休市/断线只标 stale，不制造新 bar；与 Q09 共用聚合器。,1m/5m/1h/1d 的时间、OHLCV 与基准一致；同一旧 tick 重播不产生新 bar；跨交易日重置正确。,,部分完成,实时 bar 按 tick 事件时间、成交量增量聚合，标记订阅后部分数据,test_review_execution.py；test_review_data.py,跨夜小时线和分节时段待权威日历；不能从中途订阅恢复完整历史 OHLC
Q38,P1,前端与交互,快速切换合约时旧请求覆盖新数据,浏览器已复现,useKlineData.load 无请求代次或取消控制。让 A 请求慢于 B 返回，界面选中 B、预期 close=200，最终 bars 却为 A 的 close=100。KlineChart 的快照在 await 之后才创建，也不能防止此前的数据覆盖。,[front_end/src/composables/useKlineData.js:149](D:/mine/quant/front_end/src/composables/useKlineData.js:149)；[front_end/src/components/KlineChart.vue:244](D:/mine/quant/front_end/src/components/KlineChart.vue:244),请求发出前记录 symbol/interval/version，只有当前代次可提交状态；旧请求 AbortController 取消，清除旧指标与错误。,A/B、周期、指标快速切换和失败乱序返回的压力测试始终显示当前选择的数据，loading 不被旧请求提前清除。,frontend-probes.json：kline_probes,已修复（离线验证）,请求取消和 generation 校验；切换合约/周期隔离旧响应,review-data.spec.js,
Q39,P2,前端与交互,历史翻页 before 游标在 API 客户端丢失,浏览器已复现,useKlineData 传 before，但 fetchKline 解构没有该字段，后端也仅支持 since。翻页请求仍返回同一批最新数据，去重后 added=0，hasMore=false，无法向前看历史。修复游标后还需同步按时间去重指标，当前代码对 bars 去重但对指标整体拼接。,[front_end/src/composables/useKlineData.js:81](D:/mine/quant/front_end/src/composables/useKlineData.js:81)；[front_end/src/api/index.js:195](D:/mine/quant/front_end/src/api/index.js:195)；[back_end/src/api/__init__.py:2364](D:/mine/quant/back_end/src/api/__init__.py:2364),前后端定义 before/next_cursor/has_more 半开区间协议；bars 与指标按同一时间索引合并，保留指标预热数据。,连续翻页覆盖完整历史、无重复和缺口；K 线与每条指标长度及时间一致，变更周期后游标重置。,frontend-probes.json：kline_probes.paginationUrl、beforeQuery,已修复（离线验证）,完整传递 before 游标，历史数据与指标按同一索引拼接,review-data.spec.js,
Q40,P2,前端与交互,指标 Worker 无法克隆响应式数据，缓存也忽略内容变化,浏览器已复现,calcAll 接收 Vue 响应式 bars，postMessage 抛 DataCloneError 后返回 null，未实现注释宣称的主线程回退，已登记的 callback 也未清除。缓存键只含 symbol/interval/条数/参数：相同条数把 close 从 100 改 200，再算仍得到 100。,[front_end/src/composables/useIndicatorWorker.js:51](D:/mine/quant/front_end/src/composables/useIndicatorWorker.js:51)；[front_end/src/composables/useIndicatorWorker.js:59](D:/mine/quant/front_end/src/composables/useIndicatorWorker.js:59)；[front_end/src/components/KlineChart.vue:231](D:/mine/quant/front_end/src/components/KlineChart.vue:231),发送可结构化克隆的普通数组/数值 DTO，异常清理回调并实现真实回退；缓存包含数据版本，实时更新时失效。,真实 Vue ref 数据无克隆错误；同长度末根变化触发新计算；Worker 崩溃/不可用时指标仍正确且无回调泄漏。,frontend-probes.json：worker_reactive_payload、worker_cache,已修复（离线验证）,Worker 使用普通 DTO；内容缓存、超时清理和纯函数回退,review-data.spec.js；Playwright 真实 Worker,
Q41,P2,前端与交互,实时增加 K 线只更新价格和量，时间轴与指标不更新,静态确认,KlineChart 的 WS watcher push 新 bar 后只 setOption 两条 series.data；category xAxis.data 没有追加，MA/MACD/RSI 等也没有重算，因而时间轴与图形/指标可能不同步。当前两条 series 的索引顺序本身匹配，问题在遗漏同步更新。,[front_end/src/components/KlineChart.vue:984](D:/mine/quant/front_end/src/components/KlineChart.vue:984)；[front_end/src/components/KlineChart.vue:444](D:/mine/quant/front_end/src/components/KlineChart.vue:444),统一 bar 合并、时间轴、指标和视窗状态的更新流程，使用稳定 series ID；实时指标支持增量计算。,跨周期边界新 bar 后横轴、蜡烛、成交量和指标对齐；末根更新与全量重新计算一致。,,已修复（离线验证）,实时 bar 合并后同步时间轴、价格、量和指标，异步计算校验上下文,review-data.spec.js；浏览器图表验收,
Q42,P2,前端与交互,行情 WS 在模块导入时启动，注销和卸载生命周期不可靠,浏览器已复现＋静态确认,useWatchWs 在模块顶层 connect、setInterval 和绑定 visibilitychange，再调用 onUnmounted。浏览器明确警告没有活动组件实例，卸载钩子不会按预期登记。连接缺少身份门禁，退出后可能继续重连；共享订阅也缺消费者引用计数，切换图表可能影响侧栏。,[front_end/src/composables/useWatchWs.js:479](D:/mine/quant/front_end/src/composables/useWatchWs.js:479)；[front_end/src/composables/useWatchWs.js:496](D:/mine/quant/front_end/src/composables/useWatchWs.js:496)；[front_end/src/composables/useWatchWs.js:506](D:/mine/quant/front_end/src/composables/useWatchWs.js:506),将单例放在明确的应用级服务/Pinia 生命周期，登录后连接、退出清空状态；订阅按消费者计数，区分权限失败与可重试断线。,反复进出页面/切换账户不增加连接和定时器；退出不重连；一个组件取消订阅不影响其它使用者。,frontend-probes.json：warnings 中 Vue 生命周期警告,已修复（离线验证）,导入无副作用；登录门禁、消费者引用计数、注销和卸载清理,review-ws.spec.js；Playwright 注销验收,
Q43,P2,前端与交互,服务端 WS 双循环未联动退出，慢客户端阻塞广播,静态确认,ws_watch 用 gather 同时等待接收/推送循环，接收捕获断开后正常返回，推送在无订阅/无快照时可无限 continue，连接处理任务不结束。ConnectionManager 广播对客户端串行等待，每个慢客户端最多等 1 秒，多客户端时延累加。,[back_end/src/api/__init__.py:2585](D:/mine/quant/back_end/src/api/__init__.py:2585)；[back_end/src/api/__init__.py:382](D:/mine/quant/back_end/src/api/__init__.py:382),一侧完成即取消另一侧并清理订阅；使用有界队列、并发投递及慢消费者策略，限制连接数和订阅规模。,未订阅就断开时任务数回落；大量慢/断开客户端不拖延正常客户端，关闭服务不挂住。,,已修复（离线验证）,接收/推送任一退出即取消另一侧；并发限时广播、连接/订阅/待发送上限,test_review_auth.py；Playwright WS 生命周期,
Q44,P1,前端与交互,订单 WS 重连不补快照，查询失败被伪装成空持仓,静态确认,useOrderBookWs 仅初始化 loadAll；重连 onOpen 只改 alive，不重新取订单/成交快照。REST 错误 catch(()=>[]) 后清空 orders/trades/positions，网络故障显示为没有持仓；初始快照与 WS 更新缺序号也可能相互覆盖。,[front_end/src/composables/useOrderBookWs.js:83](D:/mine/quant/front_end/src/composables/useOrderBookWs.js:83)；[front_end/src/composables/useOrderBookWs.js:89](D:/mine/quant/front_end/src/composables/useOrderBookWs.js:89)；[front_end/src/composables/useOrderBookWs.js:134](D:/mine/quant/front_end/src/composables/useOrderBookWs.js:134),连接恢复后补全快照并基于序号/版本合并增量；保留最后成功数据并明显标记过期/失败，不能把未知替换成零。,断线期间成交、撤单在恢复后准确显示；接口超时显示未知而非空仓；快照与增量竞态不回退状态。,,已修复（离线验证）,重连补快照和版本合并；查询失败保留并标记旧数据；成交复合去重；2026-10-08 R04：快照失败仍重放推送，有限重试，销毁取消重试,review-ws.spec.js；docs/RECHECK_FIXES_2026-10-08.md,
Q45,P2,前端与交互,公开回测页面却要求先成功连接 CTP 才能运行,浏览器已复现,/backtest 路由可匿名进入、策略目录公开，但 /backtest/run 需要通过 CTP 登录获得会话。实际点击运行返回 401 并跳登录，非交易时间或无柜台账户时无法做本应独立的离线研究。,[front_end/src/router/index.js:17](D:/mine/quant/front_end/src/router/index.js:17)；[back_end/src/api/security.py:30](D:/mine/quant/back_end/src/api/security.py:30)；[back_end/src/api/__init__.py:2347](D:/mine/quant/back_end/src/api/__init__.py:2347),区分应用身份与交易网关连接；研究权限独立提供，页面路由和接口权限一致，计算任务仍需配额。,CTP 完全离线时可以用已导入真实历史完成回测；交易接口仍需账户授权与就绪状态。,frontend-probes.json：public_backtest_status、public_backtest_redirect,已修复（离线验证）,本地离线研究与 CTP 连接分离；生产公开研究需显式配置,Playwright 完整离线回测；test_review_backtest.py,多用户生产研究身份管理仍是独立扩展需求
Q46,P2,前端与交互,HTTP 取消、超时和错误展示契约不完整,静态确认,通用 fetch 没有统一 AbortController 超时；LoginView 的 Promise.race 只结束等待，不取消原连接请求，用户再次登录会叠加全局状态竞态。错误解析偏向 detail，后端部分接口返回 error/msg，最终可能只显示 HTTP 状态。缺少“未开市/旧行情/柜台未就绪/鉴权失败”的清晰状态区分。,[front_end/src/api/index.js:12](D:/mine/quant/front_end/src/api/index.js:12)；[front_end/src/views/LoginView.vue:360](D:/mine/quant/front_end/src/views/LoginView.vue:360),统一错误模型、请求 ID、可取消请求与重复提交控制；服务端也要取消/隔离迟到任务；根据明确来源显示连接状态和数据时间。,超时后迟到响应不会切换账户；重复点击只发一次有效动作；休市和鉴权失败给出不同、可操作的提示。,,已修复（离线验证）,统一超时/取消/错误详情/请求 ID；登录重复提交受控，迟到连接隔离,test_review_auth.py；review-data.spec.js,
Q47,P1,安全与工程质量,前端锁文件存在已公告依赖风险,依赖版本扫描，未验证可利用性,本次 npm audit 报告 13 个受影响包：9 high、3 moderate、1 low；生产依赖子集 5 个：4 high、1 moderate。这里是受影响包统计，不是 13 条独立漏洞，也不代表每个漏洞在本应用可利用。包括 echarts、vite、vitest 及 lodash/lodash-es/js-cookie 等传递依赖。,[front_end/package-lock.json:4](D:/mine/quant/front_end/package-lock.json:4)；[front_end/package.json:17](D:/mine/quant/front_end/package.json:17),逐条读公告并核对使用条件，升级到修复版本后重建锁文件并跑功能回归；优先运行时依赖和开发服务器暴露面，不盲目 audit fix --force。,可修复高风险告警消除或有带到期日的可利用性评估；升级后图表、组件、构建、E2E 保持通过。,npm-audit.json；npm-audit-production.json,已修复（离线验证）,升级并固定前端直接/传递版本，移除镜像来源；功能与浏览器回归,npm-audit-after.json；frontend-verified.log；browser-e2e-verified.log,公告查询时点为 2026-10-05，零告警不是永久无风险保证
Q48,P2,安全与工程质量,真实配置忽略规则与加载路径不一致，历史授权码需核验,静态确认＋待核验,main.py 默认读 config/config_production.json，而 .gitignore 主要忽略 config_production.jsonc，默认实际 JSON 路径未被该规则保护。历史三个配置文件提交中检测到非占位 auth_code；可能是公开测试授权码，未验证其有效性或归属，不能认定为真实生产密钥泄露。未在报告复述任何值。,[back_end/main.py:23](D:/mine/quant/back_end/main.py:23)；[.gitignore:7](D:/mine/quant/.gitignore:7)；[back_end/config/config.example.json:29](D:/mine/quant/back_end/config/config.example.json:29),统一配置格式/路径、忽略规则和环境变量；引入提交前与 CI 密钥扫描。核实历史码来源，若仍有效且非公开测试码则轮换，再决定是否清理历史。,默认真实配置经 git check-ignore 被忽略；样例只含占位值；历史扫描有结论且没有新增密钥。,历史命中：config.example.json@038530c5c3fe；config_example.json@38c49dfb7309；config_production.json@7ef4bc566e2e。此项未做线上认证验证。,代码已改进，待外部验收,真实配置忽略规则修复；配置/私钥标记扫描接入 CI；样例凭据空值,scripts/check_secrets.py；git check-ignore,历史三个授权码的归属、有效性和是否需轮换，必须由所有者核实
Q49,P1,安全与工程质量,启动脚本与进程内交易状态不适合直接生产部署,静态确认＋工程改进,start.bat 默认绑定 0.0.0.0 并开启 --reload；会话、账户、订单管理和风险状态均在单进程内，重载/崩溃丢失，多 worker 则各自独立且可能重复连接交易账户。没有可直接复用的生产就绪/退出、恢复、备份和回滚闭环。,[back_end/start.bat:3](D:/mine/quant/back_end/start.bat:3)；[back_end/src/api/__init__.py:455](D:/mine/quant/back_end/src/api/__init__.py:455)；[back_end/src/api/security.py:96](D:/mine/quant/back_end/src/api/security.py:96),拆分开发/生产启动，先明确单实例交易执行边界，增加进程锁、持久账本、优雅停机与恢复；部署配置覆盖 HTTPS、Cookie、访问范围和健康/就绪。,生产不热重载；并行启动第二执行实例被阻止或隔离；重启后先恢复/对账再开新风险；有经过演练的备份恢复。,,部分完成,单实例锁、loopback、无 reload；持久账本/急停/基线/权益；备份恢复工具和演练,test_review_runtime.py；OPERATIONS.md,跨机器/工作目录需要部署保证单执行者；真实未决委托恢复未验收，本地预埋单不自动恢复
Q50,P1,安全与工程质量,质量门未覆盖入口和关键业务，缺自动 CI,已验证＋工程改进,完整 pytest 收集失败，跳过唯一阻断文件后 43 项通过；src 行覆盖率约 41%，新拆分 API 和看盘模块为 0%。mypy 只检查 15 个文件且不检查未注解函数，前端 checkJs=false、strict=false；3 个单测仅覆盖网络 URL，E2E 只检登录/回测页面可见。仓库未见 .github CI，当前通过的 lint/build 不能证明交易链安全。,[back_end/pyproject.toml:24](D:/mine/quant/back_end/pyproject.toml:24)；[front_end/tsconfig.json:9](D:/mine/quant/front_end/tsconfig.json:9)；[front_end/package.json:15](D:/mine/quant/front_end/package.json:15),先修复完整测试再建立 CI：后端含 main.py 的 lint、类型与测试；前端 lint/typecheck/unit/build/E2E；增加账户隔离、风险、成交幂等、回测基准和重连场景。,每个 PR 自动跑唯一入口与关键业务测试；不得用 skip 掩盖 Q01；测试至少能捕获本报告的复现样本。,pytest.log、pytest-isolated.log、coverage-isolated.json、mypy.log、frontend-*.log,已修复（离线验证）,完整测试、入口 Ruff、29 文件 Mypy、前端 strict、11 单测/4 E2E 和 Windows CI,backend-verified.log；coverage-verified.log；frontend-verified.log,Mypy 不覆盖全仓，前端 checkJs 仍 false；远程 CI 尚未推送触发
Q51,P2,安全与工程质量,依赖、启动环境和文档的可复现性不足,静态确认＋工程改进,文档强调 Python 3.13，pyproject 支持 3.10～3.13，start.bat 又假定本地已有 .venv313；requirements 缺完整解析锁，Node 版本无 engines 约束，npm 锁中保留镜像地址。AGENTS/README 的 jsonc 配置路径与实际 config.example.json 不一致，架构描述又把未启用的拆分 API 当正式实现，部分规划内容未标明完成度。,[back_end/pyproject.toml:4](D:/mine/quant/back_end/pyproject.toml:4)；[back_end/requirements.txt:1](D:/mine/quant/back_end/requirements.txt:1)；[back_end/start.bat:3](D:/mine/quant/back_end/start.bat:3)；[front_end/package.json:2](D:/mine/quant/front_end/package.json:2)；[README.md:1](D:/mine/quant/README.md:1)；[AGENTS.md:74](D:/mine/quant/AGENTS.md:74),固定并验证支持的 Python/Node/vnpy/CTP 组合，生成可重现锁与一键环境检查；统一配置示例、当前架构和已实现功能，标清演示/研究/实盘边界。,干净机器按文档完成安装、离线样例、测试与启动；开发和 CI 使用相同依赖版本，镜像策略可配置。,,部分完成,Windows/Python3.12 的研究/开发传递版本锁、Node24 约束、环境检查、统一文档,requirements-*.lock；scripts/check_environment.py,CTP 原生候选组合和干净主机安装尚未完成验收；live 依赖尚无完整解析锁
Q52,P2,安全与工程质量,监控将回调间隔当网络延迟，短窗口夏普缺乏可比性,静态确认,gateway_latency_ms 取当前时间减最后订单/成交回调时间，空闲时持续变大，并非网络 RTT；MD/TD 连通显示来自同一总状态。权益仅保留约 300 个秒级快照，短窗口收益年化且夏普截断到 ±20。非交易时间无成交会被误读为延迟，短窗口指标也不能当完整策略绩效。,[back_end/src/api/__init__.py:905](D:/mine/quant/back_end/src/api/__init__.py:905)；[back_end/src/api/__init__.py:463](D:/mine/quant/back_end/src/api/__init__.py:463)；[back_end/src/api/__init__.py:1014](D:/mine/quant/back_end/src/api/__init__.py:1014),将回报距今、行情新鲜度、MD/TD 状态、实际探测 RTT 分开；绩效使用持久权益和明确频率/区间，未满足样本要求显示不可计算。,休市空闲不报高网络延迟；断线与无行情区分；相同权益样本在监控与报告按同一口径计算。,,部分完成,分离回报距今、MD/TD 就绪；RTT 无测量时未知；秒级夏普移除，分钟权益落盘,test_review_gateway.py；test_review_runtime.py；前端质量门,跨日正式绩效服务尚未实现；需要足量真实日终样本
Q53,P2,安全与工程质量,审计不持久且缺操作者关联，指标标签无边界,静态确认,审计只保留内存最多 1000 条，多数操作 actor 默认 system，不能追溯真实会话/账户；部分参数/批量动作缺统一审计。HTTP 指标以原始 URL path 作为永久内存 key，动态路径会高基数增长，Prometheus 文本标签也未统一转义；外层认证拒绝可能绕过观测中间件。,[back_end/src/observability.py:32](D:/mine/quant/back_end/src/observability.py:32)；[back_end/src/api/__init__.py:612](D:/mine/quant/back_end/src/api/__init__.py:612)；[back_end/src/observability.py:81](D:/mine/quant/back_end/src/observability.py:81)；[back_end/src/observability.py:123](D:/mine/quant/back_end/src/observability.py:123),审计持久化账户、操作者、请求 ID、动作与结果并脱敏；指标使用路由模板、有限标签和规范编码，覆盖认证失败和 WS。,重启后关键交易操作可追溯；大量随机路径请求不线性增加标签/内存；指标能被标准解析器读取。,,已修复（离线验证）,SQLite 持久审计、actor/request ID/脱敏；路由模板和有界指标键、标签编码,test_review_runtime.py,审计/执行库需运维归档，尚未自动分区
Q54,P2,安全与工程质量,高频路径全量计算和无界历史导致性能持续恶化,静态确认；未做生产负载基准,每个 tick pandas.concat/sort 整份历史，内置策略反复 rolling 全历史；signals、订单字典和若干行情数据集合无长期容量/归档策略。前端全局注册图标；构建结果 ECharts 块约 1119 kB、Element Plus 约 982 kB（未压缩），首屏资源仍偏大。,[back_end/src/trading/engine.py:242](D:/mine/quant/back_end/src/trading/engine.py:242)；[back_end/src/strategy/strategies/ma_cross.py:46](D:/mine/quant/back_end/src/strategy/strategies/ma_cross.py:46)；[front_end/src/main.js:6](D:/mine/quant/front_end/src/main.js:6)；[front_end/src/composables/useOrderBookWs.js:65](D:/mine/quant/front_end/src/composables/useOrderBookWs.js:65),先建立吞吐/回调延迟/内存基准，再用有界环形历史与增量指标、成交归档/分页、按需图标和图表模块；保持数值结果一致。,持续回放负载下内存趋于稳定，行情处理延迟不随运行时长线性恶化；构建体积有预算和对比证据。,frontend-build.log；本次没有对真实高频行情做性能压测,部分完成,历史/信号/成交/已完成订单有界，bar 频率计算；按需图表和图标，建立构建预算,benchmark-verified.json；scripts/check_bundle.mjs,仅单合约离线基准；尚非增量全指标实现，生产行情负载和数据库归档策略待验收
Q55,P2,安全与工程质量,通用异常包装器的 timeout 参数遮蔽装饰器,已复现,ExceptionHandler.handle_network_request/handle_trading_operation 的 timeout 浮点参数遮蔽同名装饰器，@timeout(...) 实际调用 float，异常被 catch 后返回 None。离线传入返回 42 的函数，两种包装都没有调用目标函数。当前主要路径不普遍使用此包装器，影响范围应以调用者为准。,[back_end/src/common/exceptions.py:591](D:/mine/quant/back_end/src/common/exceptions.py:591)；[back_end/src/common/exceptions.py:623](D:/mine/quant/back_end/src/common/exceptions.py:623)；[back_end/src/common/exceptions.py:664](D:/mine/quant/back_end/src/common/exceptions.py:664),重命名参数或装饰器，错误使用显式结果；交易重试必须有幂等键及柜台状态核对，不能泛化重试所有异常。,目标函数成功、失败、超时、重试次数均可断言；超时但柜台已受理时不得重复报单。,supplement-probes.json：handle_network_request、handle_trading_operation,已修复（离线验证）,消除 timeout 遮蔽；交易包装不盲目重试，未知结果明确阻塞,test_review_trading.py,
